{
  "xs": [
    18.67,
    18.63,
    18.66,
    18.59,
    18.65,
    18.79,
    18.62,
    18.58,
    18.72
  ],
  "ys": [
    396.4931499216016,
    401.56477366101035,
    386.7025936591171,
    398.00701943238124,
    398.1380447882172,
    360.5062853811331,
    380.78652620531034,
    378.599844206808,
    357.1951724459736
  ],
  "fit_xs": [
    18.046500000000076,
    18.056500000000078,
    18.06650000000008,
    18.07650000000008,
    18.086500000000083,
    18.096500000000084,
    18.106500000000086,
    18.116500000000087,
    18.12650000000009,
    18.13650000000009,
    18.146500000000092,
    18.156500000000094,
    18.166500000000095,
    18.176500000000097,
    18.1865000000001,
    18.1965000000001,
    18.2065000000001,
    18.216500000000103,
    18.226500000000105,
    18.236500000000106,
    18.246500000000108,
    18.25650000000011,
    18.26650000000011,
    18.276500000000112,
    18.286500000000114,
    18.296500000000115,
    18.306500000000117,
    18.31650000000012,
    18.32650000000012,
    18.33650000000012,
    18.346500000000123,
    18.356500000000125,
    18.366500000000126,
    18.376500000000128,
    18.38650000000013,
    18.39650000000013,
    18.406500000000133,
    18.416500000000134,
    18.426500000000136,
    18.436500000000137,
    18.44650000000014,
    18.45650000000014,
    18.466500000000142,
    18.476500000000144,
    18.486500000000145,
    18.496500000000147,
    18.50650000000015,
    18.51650000000015,
    18.52650000000015,
    18.536500000000153,
    18.546500000000155,
    18.556500000000156,
    18.566500000000158,
    18.57650000000016,
    18.58650000000016,
    18.596500000000162,
    18.606500000000164,
    18.616500000000165,
    18.626500000000167,
    18.63650000000017,
    18.64650000000017,
    18.65650000000017,
    18.666500000000173,
    18.676500000000175,
    18.686500000000176,
    18.696500000000178,
    18.70650000000018,
    18.71650000000018,
    18.726500000000183,
    18.736500000000184,
    18.746500000000186,
    18.756500000000187,
    18.76650000000019,
    18.77650000000019,
    18.786500000000192,
    18.796500000000194,
    18.806500000000195,
    18.816500000000197,
    18.8265000000002,
    18.8365000000002,
    18.8465000000002,
    18.856500000000203,
    18.866500000000205,
    18.876500000000206,
    18.886500000000208,
    18.89650000000021,
    18.90650000000021,
    18.916500000000212,
    18.926500000000214,
    18.936500000000215,
    18.946500000000217,
    18.95650000000022,
    18.96650000000022,
    18.97650000000022,
    18.986500000000223,
    18.996500000000225,
    19.006500000000226,
    19.016500000000228,
    19.02650000000023,
    19.03650000000023,
    19.046500000000233,
    19.056500000000234,
    19.066500000000236,
    19.076500000000237,
    19.08650000000024,
    19.09650000000024,
    19.106500000000242,
    19.116500000000244,
    19.126500000000245,
    19.136500000000247,
    19.14650000000025,
    19.15650000000025,
    19.16650000000025,
    19.176500000000253
  ],
  "fit_ys": [
    0.5557882166467607,
    14.160255446797237,
    27.52342284732731,
    40.645290418178774,
    53.52585815923521,
    66.16512607055483,
    78.56309415231226,
    90.71976240415825,
    102.63513082638383,
    114.3091994189308,
    125.74196818174096,
    136.93343711469788,
    147.88360621815082,
    158.59247549175052,
    169.0600449356716,
    179.2863145499141,
    189.27128433436155,
    199.0149542890722,
    208.51732441422064,
    217.77839470945764,
    226.79816517507425,
    235.57663581107045,
    244.1138066172134,
    252.40967759361956,
    260.4642487404053,
    268.27752005739603,
    275.84949154464994,
    283.18016320234165,
    290.2695350301801,
    297.1176070282818,
    303.72437919670483,
    310.0898515355075,
    316.2140240444569,
    322.0968967236695,
    327.7384695733781,
    333.13874259317527,
    338.2977157832356,
    343.215389143792,
    347.8917626744369,
    352.3268363754032,
    356.52061024674913,
    360.4730842882418,
    364.1842585000559,
    367.65413288219133,
    370.88270743459,
    373.8699821571936,
    376.6159570502932,
    379.1206321134814,
    381.384007346991,
    383.40608275088016,
    385.1868583249161,
    386.72633406927343,
    388.0245099840686,
    389.08138606889406,
    389.89696232415736,
    390.47123874968383,
    390.8042153454735,
    390.89589211146813,
    390.74626904778415,
    390.355346154538,
    389.7231234314386,
    388.84960087860236,
    387.73477849620394,
    386.3786562838941,
    384.7812342419056,
    382.94251237035496,
    380.86249066889286,
    378.54116913775215,
    375.97854777704924,
    373.1746265864931,
    370.12940556620015,
    366.842884716345,
    363.3150640365784,
    359.5459435271332,
    355.5355231881258,
    351.28380301920697,
    346.7907830206095,
    342.0564631924499,
    337.080843534437,
    331.8639240466873,
    326.40570472937543,
    320.7061855822103,
    314.76536660525016,
    308.5832477986696,
    302.1598291625269,
    295.4951106964727,
    288.5890924006817,
    281.4417742752703,
    274.05315632012207,
    266.42323853523703,
    258.5520209206734,
    250.4395034763147,
    242.08568620227743,
    233.49056909856154,
    224.65415216510883,
    215.5764354019193,
    206.25741880905116,
    196.6971023864462,
    186.89548613410443,
    176.85257005214226,
    166.56835414026864,
    156.04283839877462,
    145.2760228276602,
    134.26790742669255,
    123.01849219604628,
    111.52777713577962,
    99.79576224565972,
    87.822447525803,
    75.6078329764423,
    63.15191859717015,
    50.45470438816119,
    37.51619034947362,
    24.33637648122385,
    10.915262783062644
  ],
  "param": [
    -417696.48933690286,
    44918.68548440652,
    -1206.4991485855144
  ],
  "content": [
    {
      "name": "拟合采用参数",
      "value": "[-417696.49, 44918.69, -1206.5]"
    },
    {
      "name": "波束宽度",
      "value": "0.8度"
    },
    {
      "name": "自由空间损耗",
      "value": "[19.35, 19.61, 19.42, 19.81, 19.47, 18.87, 19.63, 19.91, 19.13]dB"
    },
    {
      "name": "大气损耗",
      "value": "[19.35, 19.61, 19.42, 19.81, 19.47, 18.87, 19.63, 19.91, 19.13]dB"
    },
    {
      "name": "多普勒频移",
      "value": "[8.12e-05, 8.12e-05, 8.12e-05, 8.12e-05, 8.12e-05, 8.12e-05, 8.12e-05, 8.12e-05, 8.12e-05]Hz"
    },
    {
      "name": "卫星高度",
      "value": "[500000.0, 500000.0, 500000.0, 500000.0, 500000.0, 500000.0, 500000.0, 500000.0, 500000.0]度"
    },
    {
      "name": "卫星纬度",
      "value": "[27.487, 27.471, 27.416, 27.422, 27.428, 27.376, 27.36, 27.31, 27.379]度"
    },
    {
      "name": "卫星经度",
      "value": "[128.532, 128.5, 128.523, 128.477, 128.517, 128.609, 128.497, 128.467, 128.564]度"
    },
    {
      "name": "目标纬度",
      "value": "[39.9, 39.9, 39.9, 39.9, 39.9, 39.9, 39.9, 39.9, 39.9]度"
    },
    {
      "name": "目标经度",
      "value": "[116.3, 116.3, 116.3, 116.3, 116.3, 116.3, 116.3, 116.3, 116.3]度"
    }
  ]
}